,dia,nuo,defected,data,qSQI,cSQI,sSQI,kSQI,pSQI,basSQI,fSQI
0,1,1,0,"[-0.00993313 -0.00861028 -0.00729153 ...  0.00663111  0.00644356
  0.00624286]",0.067,0.64,-0.351,5.488,0.984,0.826,0.5155246248684991
1,1,1,0,"[-0.00371651 -0.0036078  -0.00354787 ...  0.02329297  0.0222481
  0.02120081]",0.66,0.576,-0.436,4.667,0.984,0.853,0.5389764192535366
2,2,1,0,"[ 0.00149847  0.00233456  0.00312386 ... -0.00063994  0.00016831
  0.00098927]",0.757,0.581,2.357,21.026,0.994,0.705,0.24409324484334116
3,2,1,0,"[-0.00951663 -0.01166645 -0.01373985 ... -0.09810605 -0.08839789
 -0.07857585]",0.0,0.359,2.793,10.972,0.967,0.864,0.4831330471920089
4,0,1,0,"[ 0.00456431  0.00508772  0.00560984 ...  0.00107385  0.0004665
 -0.00020549]",0.017,0.65,0.848,8.196,0.988,0.813,0.34139251025347556
5,0,0,1,"[ 0.00071378  0.00256546  0.00437608 ... -0.00110683 -0.00216737
 -0.00328255]",0.213,0.612,1.062,6.301,0.986,0.717,0.17286577313531565
6,0,1,0,"[ 0.01968087  0.01798543  0.0162967  ... -0.00887504 -0.00514587
 -0.00129998]",0.241,0.853,1.305,6.842,0.977,0.841,0.33265399458792516
7,0,1,0,"[ 1.71202359e-03  8.58368104e-04  2.16504750e-05 ... -1.22314729e-02
 -9.98392496e-03 -7.66575147e-03]",0.236,0.846,1.577,7.187,0.983,0.834,0.32861069613343585
8,1,1,0,"[-0.00189901 -0.00127068 -0.00065452 ...  0.01073888  0.01010657
  0.00949694]",0.26,0.703,3.939,18.922,0.984,0.934,0.4950541590592456
9,1,1,0,"[-0.0022052  -0.003403   -0.00458534 ...  0.00690144  0.00633779
  0.0057647 ]",0.045,0.65,4.221,21.161,0.987,0.901,0.5169367955550117
10,1,1,0,[0.00012712 0.00314375 0.00607221 ... 0.00797458 0.00661226 0.00523821],0.675,0.577,4.461,24.011,0.99,0.917,0.5746078629368171
11,1,1,0,"[-0.00794572 -0.01279814 -0.01778758 ... -0.00987236 -0.00919592
 -0.00848298]",0.004,0.642,4.144,25.463,0.992,0.89,0.5915628037019955
12,0,0,0,"[ 0.00218612  0.00349587  0.00474185 ... -0.02261705 -0.02221683
 -0.02180693]",0.218,0.616,1.917,5.884,0.973,0.797,0.3581198163284628
13,0,0,0,"[ 0.02922522  0.03233743  0.03539793 ... -0.00171551 -0.00174248
 -0.0017882 ]",0.102,0.572,2.445,8.686,0.967,0.808,0.39852736989426635
14,0,1,0,"[ 0.01953984  0.030348    0.04113734 ... -0.00676976 -0.0058108
 -0.00488379]",0.54,0.574,3.094,13.938,0.987,0.931,0.5708476854716685
15,0,1,0,"[-0.02332758 -0.0242831  -0.02514909 ... -0.03280147 -0.03006642
 -0.0272984 ]",0.461,0.58,2.02,8.792,0.99,0.856,0.4746543150001848
16,1,1,1,[0.00434617 0.00573024 0.00707996 ... 0.00222718 0.00137912 0.0005155 ],0.003,0.39,1.757,65.494,0.989,0.655,0.17084837007717776
17,0,1,0,"[ 0.00621335  0.00665745  0.00709767 ... -0.0027565  -0.00332047
 -0.00387085]",0.188,0.612,-1.603,5.341,0.978,0.794,0.33267193332073997
18,1,1,0,"[-0.00250806 -0.0038704  -0.00518559 ... -0.00145043 -0.00199194
 -0.00257018]",0.002,0.637,4.232,21.501,0.994,0.866,0.49932335458535876
19,0,0,0,"[ 2.57496734e-03  2.67803108e-03  2.75609703e-03 ...  3.35808739e-04
  1.20064502e-05 -3.46684466e-04]",0.132,0.585,-1.662,5.788,0.984,0.795,0.34074019158938373
20,0,1,0,"[-0.00350131 -0.00631363 -0.00906639 ... -0.0095564  -0.00897723
 -0.00838437]",0.009,0.65,2.364,9.433,0.988,0.839,0.4007958257523827
21,1,1,0,"[-0.00519507 -0.00911854 -0.01295072 ... -0.02914972 -0.02573623
 -0.02261601]",0.325,0.578,2.939,11.511,0.986,0.921,0.4809333235913409
22,0,1,0,[0.00513845 0.00610054 0.00702551 ... 0.00947712 0.00885736 0.00821053],0.004,0.656,2.535,11.885,0.991,0.856,0.4342931788490796
23,1,1,0,"[ 0.03547449  0.03498123  0.03447353 ... -0.00645367 -0.00380899
 -0.00105109]",0.307,0.773,2.65,10.081,0.983,0.925,0.4725905136294596
24,1,0,0,[0.01122127 0.0098842  0.00857823 ... 0.00641678 0.00719872 0.00800942],0.004,0.559,3.389,15.858,0.994,0.862,0.522670021048045
25,1,1,0,"[-0.0164415  -0.01273715 -0.00911751 ... -0.03384725 -0.03919606
 -0.04463294]",0.051,0.63,3.95,19.729,0.981,0.912,0.5641432410444343
26,1,0,0,"[ 0.00443657  0.00041665 -0.00352112 ...  0.00626445  0.00400943
  0.0017115 ]",0.854,0.571,3.999,19.728,0.993,0.888,0.5500058078171556
27,1,0,0,"[ 0.00177161 -0.00027418 -0.00226659 ...  0.00203522  0.00094247
 -0.00017849]",0.569,0.591,4.089,20.976,0.99,0.918,0.5826045085156883
28,0,1,0,"[ 0.0786254   0.07486282  0.07139279 ... -0.03761001 -0.03179304
 -0.02595557]",0.224,0.625,3.702,18.105,0.968,0.905,0.5046027357085889
29,0,1,0,"[-0.005965   -0.00381366 -0.00173529 ...  0.0118862   0.00913971
  0.00632195]",0.235,0.533,3.089,13.995,0.984,0.875,0.4649541027599926
30,0,1,0,[0.00286813 0.00510507 0.00727252 ... 0.01763749 0.01565125 0.01359064],0.169,0.627,2.218,8.811,0.984,0.823,0.36088697910417145
31,0,1,0,"[ 0.00892284  0.00887234  0.00881615 ... -0.00357095 -0.0035174
 -0.00351156]",0.076,0.656,3.067,13.191,0.986,0.89,0.44143670408275737
32,0,1,0,"[-0.0031227  -0.00164972 -0.00018872 ... -0.00282379 -0.00172316
 -0.00059073]",0.753,0.58,4.874,25.094,0.993,0.929,0.5672104090613624
33,0,0,0,"[-0.01127981 -0.01173155 -0.01214936 ...  0.04310307  0.0399589
  0.03685954]",0.175,0.632,2.459,11.644,0.977,0.898,0.501679477305951
34,0,0,0,"[-0.00753205 -0.00669963 -0.0058545  ... -0.00901162 -0.00702025
 -0.00497749]",0.004,0.658,4.955,25.807,0.994,0.914,0.5629689729313009
35,0,0,0,"[-0.00085442  0.00163635  0.00407435 ... -0.01378253 -0.01403909
 -0.01438112]",0.214,0.539,2.688,13.017,0.987,0.922,0.5120967879929462
36,1,1,0,"[-0.01912288 -0.01996963 -0.02077168 ... -0.00434816 -0.00441707
 -0.00451349]",0.856,0.578,3.173,14.093,0.991,0.901,0.47215499697352203
37,1,1,0,"[ 0.0059878   0.00891073  0.01178824 ... -0.00889968 -0.00778128
 -0.00668353]",0.785,0.574,3.156,14.088,0.993,0.904,0.4697070912310567
38,0,1,0,"[-0.01509331 -0.01432793 -0.01357782 ... -0.01701153 -0.01699803
 -0.01705679]",0.128,0.583,3.771,16.879,0.993,0.916,0.597100967313334
39,0,1,0,"[ 0.00047693 -0.0020301  -0.00445828 ...  0.00929404  0.00725712
  0.00518835]",0.087,0.575,3.783,16.939,0.993,0.918,0.5999307237769098
40,1,1,0,"[ 0.00613142  0.00934347  0.01243912 ...  0.0004834   0.00017509
 -0.00016697]",0.162,0.651,1.057,21.207,0.988,0.757,0.31009937932598985
41,0,0,0,"[-0.00846723 -0.00244929  0.00344187 ...  0.01379104  0.01437138
  0.01507859]",0.258,0.657,0.135,4.859,0.977,0.825,0.34695879832681636
42,1,1,0,"[-0.03531308 -0.03522963 -0.03566275 ...  0.0042736   0.00390133
  0.00353231]",0.0,0.572,0.593,43.52,0.983,0.736,0.2982047458642497
43,0,0,0,[0.00048725 0.00128694 0.00202787 ... 0.01864823 0.01581628 0.01294098],0.247,0.6,0.43,58.58,0.983,0.75,0.22635590616602042
44,2,1,1,"[-6.63873308e-03 -4.56126610e-03 -2.52030512e-03 ...  5.76027265e-05
  1.22308885e-03  2.44859118e-03]",0.048,0.64,-0.416,7.316,0.99,0.663,0.2051502821719505
45,2,1,1,[0.01708113 0.02105148 0.02495492 ... 0.03499031 0.03420116 0.0334328 ],0.015,0.66,-0.302,26.65,0.988,0.611,0.11559799600879436
46,0,1,0,"[ 0.01133577  0.00739836  0.00351708 ...  0.00109705  0.00041347
 -0.0002939 ]",0.272,0.63,2.248,5.478,0.969,0.839,0.2176599183958759
47,1,1,0,"[-0.01165173 -0.00837208 -0.00518102 ... -0.07785691 -0.06615098
 -0.05426592]",0.009,0.637,2.663,12.392,0.982,0.867,0.4278148070666284
48,1,1,1,"[ 0.00332081 -0.00743269 -0.01797688 ...  0.04613739  0.04162017
  0.03695173]",0.022,0.566,1.541,7.073,0.985,0.809,0.3590575238440559
49,0,1,0,"[-0.01112239 -0.01131421 -0.01145706 ...  0.02146611  0.01906851
  0.01661768]",0.229,0.658,2.837,24.558,0.96,0.702,0.17861043509251048
50,0,1,1,"[ 0.05181583  0.05340778  0.05497626 ... -0.00482676 -0.00423515
 -0.00358604]",0.032,0.563,-0.044,60.664,0.977,0.658,0.17254215593928277
51,0,0,1,"[-0.00808549 -0.00855748 -0.00899469 ... -0.00092714 -0.00016772
  0.00061823]",0.459,0.578,-0.885,43.876,0.986,0.656,0.16382043900887663
52,1,1,1,[0.01100661 0.01093862 0.01083934 ... 0.00843156 0.00743275 0.00637005],0.01,0.639,-1.388,60.203,0.989,0.687,0.19643050374522636
53,1,1,0,[0.01566261 0.01822748 0.02073738 ... 0.00318548 0.00252381 0.0018238 ],0.0,0.0,4.353,21.216,0.982,0.898,0.5021653218265988
54,1,0,1,"[-0.01474145 -0.01177788 -0.00886952 ... -0.02441437 -0.01971177
 -0.01483403]",0.281,0.639,-3.48,65.48,0.981,0.716,0.18593676867426967
55,1,0,1,[0.02928915 0.02990201 0.03086321 ... 0.01930537 0.01789315 0.01650893],0.057,0.708,-1.68,38.722,0.983,0.689,0.17205157723702103
56,1,0,1,"[-0.03214216 -0.02662018 -0.02116325 ... -0.00206637 -0.00067543
  0.00080844]",0.2,0.651,0.978,9.048,0.962,0.711,0.19873943347995426
57,1,0,1,"[ 0.00299375 -0.00848696 -0.01977149 ... -0.03345679 -0.0299596
 -0.0264455 ]",0.205,0.828,-1.092,23.249,0.971,0.566,0.07755358496446903
58,0,1,0,"[-0.00661294 -0.00367839 -0.00080804 ... -0.01738855 -0.01607664
 -0.01474297]",0.002,0.654,3.62,16.045,0.993,0.883,0.5109785414294868
59,0,1,0,"[-0.00572218 -0.0035992  -0.00151054 ...  0.00601982  0.00580814
  0.00560681]",0.689,0.578,4.093,19.237,0.991,0.911,0.540862479551625
60,2,0,1,[0.19917142 0.16441491 0.13369374 ... 0.04041572 0.03584285 0.03132053],0.333,0.698,0.431,42.574,0.972,0.799,0.2932488143485064
61,2,0,1,[0.01100348 0.01135405 0.01166363 ... 0.02689034 0.02327378 0.01960067],0.215,0.641,2.07,7.618,0.982,0.813,0.3220607381693153
62,1,0,0,"[-0.00892617 -0.00767452 -0.00646413 ... -0.00905759 -0.0079243
 -0.00677617]",0.605,0.578,3.239,13.248,0.993,0.876,0.45997079543474295
63,1,1,0,"[-0.00070367 -0.00153449 -0.00233341 ... -0.01559898 -0.01225242
 -0.00884041]",0.002,0.643,3.65,15.928,0.992,0.914,0.4768641866302737
64,1,0,1,[0.00634918 0.0109508  0.0154027  ... 0.00711422 0.00730492 0.00752915],0.144,0.659,-0.419,17.501,0.987,0.674,0.15727104045700158
65,1,0,1,"[ 0.00786555  0.00908132  0.01030027 ... -0.01676863 -0.01476316
 -0.01274898]",0.044,0.593,2.03,47.446,0.984,0.651,0.1709315042056464
66,1,0,1,"[ 0.00405243  0.00756134  0.0109412  ... -0.02560073 -0.02211369
 -0.01861924]",0.306,0.707,1.148,9.913,0.978,0.851,0.2846353070670553
67,0,0,0,"[-0.00637085 -0.00302084  0.00033655 ... -0.00790703 -0.00635421
 -0.00473885]",0.302,0.659,0.041,0.782,0.979,0.84,0.2908776597259533
68,1,0,0,"[ 0.00171584  0.00058573 -0.00053682 ... -0.00710137 -0.00615607
 -0.00523237]",0.214,0.647,2.047,7.425,0.984,0.886,0.33132276900081953
69,0,0,1,"[-1.42691776e-03 -6.90667117e-04  2.44713798e-05 ...  8.29028417e-03
  7.30678215e-03  6.27152001e-03]",0.238,0.709,0.343,7.243,0.978,0.734,0.1961025497803334
70,1,1,0,[0.00634352 0.00784827 0.00936759 ... 0.03275053 0.02725707 0.0216553 ],0.049,0.629,1.829,7.794,0.984,0.846,0.36501831794748363
71,1,0,0,[0.00055855 0.00142562 0.00229783 ... 0.00219615 0.00280722 0.00346139],0.027,0.614,4.785,71.809,0.989,0.755,0.2564366487393409
72,0,1,0,"[ 0.01370486  0.01292634  0.01219407 ... -0.02791723 -0.02613055
 -0.02431709]",0.186,0.642,1.531,6.484,0.974,0.856,0.37274078226409535
73,0,1,1,"[-0.01440997 -0.01383725 -0.0133112  ... -0.01017503 -0.01400752
 -0.01805041]",0.483,0.569,1.538,9.077,0.988,0.776,0.3814336758195601
74,0,1,0,"[-0.05426937 -0.04878723 -0.04344973 ... -0.00766445 -0.0071391
 -0.0066501 ]",0.259,0.872,-1.793,50.825,0.969,0.781,0.23986493937597406
75,0,1,0,"[-0.01104714 -0.01147653 -0.01185952 ... -0.0136046  -0.01337896
 -0.01315201]",0.526,0.583,2.543,9.488,0.989,0.894,0.5495283296016521
76,1,0,0,"[-0.00490824 -0.0116753  -0.01817376 ... -0.00826091 -0.00765878
 -0.00706689]",0.778,0.584,2.349,10.88,0.989,0.852,0.4959295442226229
77,0,1,1,"[-0.00256765 -0.00344797 -0.00432014 ...  0.03214985  0.03136006
  0.03057616]",0.587,0.583,1.681,8.919,0.965,0.597,0.18333304817928356
78,1,0,0,[0.02750961 0.02738946 0.02728215 ... 0.01228077 0.00905679 0.00569256],0.013,0.631,2.564,12.187,0.987,0.879,0.5209386230081601
79,0,0,1,"[-0.1282058  -0.1248111  -0.121512   ...  0.00369494  0.00358782
  0.00347894]",0.052,0.579,0.11,5.976,0.984,0.737,0.21744822948865805
80,1,1,0,"[-0.01089752 -0.00912439 -0.00740458 ... -0.00957893 -0.0076492
 -0.005655  ]",0.072,0.649,1.824,8.402,0.989,0.888,0.4462942937548674
81,1,1,0,"[ 0.00724702  0.01045159  0.01358123 ... -0.01522329 -0.01376994
 -0.01234007]",0.158,0.643,0.87,5.002,0.985,0.861,0.40285507094865664
82,0,1,0,"[-0.02069389 -0.02209138 -0.02346104 ... -0.02277961 -0.02010993
 -0.01737588]",0.793,0.578,3.18,14.836,0.988,0.86,0.4606123759034191
83,0,1,0,"[-0.01866869 -0.01951415 -0.02032288 ... -0.01305559 -0.01155506
 -0.01005413]",0.004,0.643,0.458,15.109,0.991,0.761,0.3099444583317485
84,0,1,1,"[-0.00103894  0.00233127  0.00573015 ...  0.00187291 -0.00017957
 -0.00227832]",0.263,0.58,-0.756,47.28,0.984,0.802,0.3721695330972085
85,0,0,0,"[ 0.00112631  0.00271896  0.00429093 ... -0.00520498 -0.00453057
 -0.00381181]",0.002,0.662,1.081,9.862,0.993,0.752,0.3140727004894791
86,0,1,0,"[-0.0023797  -0.00199395 -0.00162899 ...  0.00172738  0.00329755
  0.00494382]",0.197,0.837,0.333,2.316,0.984,0.807,0.40693014651061843
87,1,0,0,[0.02179013 0.0225977  0.02328649 ... 0.0067414  0.00565185 0.00451044],0.025,0.65,2.863,13.287,0.987,0.862,0.47292900160470874
88,0,1,0,"[-0.00602881 -0.00952694 -0.01300777 ...  0.01209558  0.00849757
  0.00479358]",0.201,0.805,-0.187,2.432,0.982,0.834,0.4455454426017037
89,1,0,1,"[ 0.00031371 -0.00276571 -0.00574425 ... -0.01318541 -0.01063008
 -0.00800992]",0.068,0.651,-0.444,33.603,0.986,0.779,0.3267639845170651
90,0,1,0,"[-0.00394201 -0.01189829 -0.01960245 ... -0.00814331 -0.00629846
 -0.0044552 ]",0.265,0.781,-3.014,12.236,0.981,0.907,0.4953580512537532
91,0,1,0,"[ 0.01751404  0.01836478  0.01920347 ... -0.01172835 -0.01048056
 -0.00921472]",0.007,0.652,1.176,7.447,0.99,0.855,0.5567850492832499
92,0,1,0,"[-0.00390893 -0.00442429 -0.00495477 ...  0.06732649  0.07024933
  0.07331332]",0.239,0.744,2.752,10.929,0.963,0.922,0.5009353195376908
93,0,1,0,"[-0.0025263  -0.00279449 -0.00309069 ...  0.00791116  0.00692661
  0.00591087]",0.669,0.581,1.178,7.798,0.993,0.856,0.5646533278827078
94,0,1,0,"[ 0.0027175   0.00038973 -0.00187138 ...  0.00966562  0.00967721
  0.00972546]",0.358,0.591,1.844,5.636,0.983,0.867,0.348721641771312
95,1,0,0,"[ 0.01332624  0.01540732  0.017428   ... -0.01602083 -0.01353503
 -0.01102326]",0.002,0.627,2.913,12.413,0.99,0.857,0.4225868187489776
96,0,1,0,"[ 0.02013889  0.02026019  0.0202848  ... -0.00945403 -0.00847774
 -0.00758928]",0.216,0.905,2.77,47.59,0.973,0.788,0.20163143869153605
97,1,0,1,"[-0.00375424 -0.00216054 -0.00061817 ... -0.00892277 -0.00738186
 -0.00580341]",0.008,0.639,1.72,10.55,0.993,0.82,0.3744513349971819
98,0,1,0,"[-0.00896009 -0.00607546 -0.00329723 ...  0.06755222  0.06971115
  0.07197533]",0.302,0.586,1.964,6.756,0.964,0.864,0.4355108318799578
99,0,1,0,"[-0.00751424 -0.00982177 -0.01204677 ... -0.01019941 -0.00891204
 -0.00766815]",0.46,0.582,0.492,22.281,0.987,0.75,0.29829247629533334
100,0,1,0,"[-0.0073997  -0.00810926 -0.00881952 ... -0.00712219 -0.00637369
 -0.00559987]",0.006,0.648,2.394,10.569,0.995,0.855,0.4125540938744631
101,0,1,1,"[-0.00494139 -0.00568095 -0.00639244 ... -0.01244175 -0.01106569
 -0.0096404 ]",0.005,0.626,-1.544,54.2,0.992,0.691,0.1670269161244791
102,0,0,0,"[-0.00183163 -0.00518739 -0.00844628 ...  0.01223278  0.01284548
  0.01327526]",0.305,0.599,1.44,5.349,0.985,0.827,0.35279737312358095
103,0,0,0,"[-1.70860064e-02 -1.68175725e-02 -1.65453959e-02 ... -2.30857434e-03
 -1.18573277e-03 -2.42513911e-05]",0.013,0.619,2.069,7.01,0.988,0.86,0.3972957899738631
104,1,0,0,"[-0.00739963 -0.00998415 -0.01245098 ...  0.00135662  0.00169733
  0.00206026]",0.185,0.579,4.596,118.533,0.986,0.685,0.1358423088365645
105,1,0,0,"[-0.00337673 -0.00329469 -0.00319001 ...  0.00424845  0.00400182
  0.00374169]",0.361,0.575,-0.93,7.768,0.99,0.827,0.48171349721837503
106,0,1,0,"[-0.00435461 -0.00061012  0.00300468 ...  0.00433567  0.00416891
  0.00404498]",0.269,0.574,2.129,6.714,0.985,0.916,0.4524259645761296
107,0,1,0,"[-0.00566591 -0.0050604  -0.00447224 ... -0.00863445 -0.00715501
 -0.00561958]",0.627,0.576,2.757,10.208,0.991,0.905,0.48311978143398127
108,0,0,1,[0.02202517 0.01866248 0.01535296 ... 0.01288703 0.01103066 0.00918072],0.19,0.586,-0.344,73.754,0.984,0.631,0.1219238129582844
109,0,0,1,"[-0.07276412 -0.07507609 -0.07730666 ... -0.00637431 -0.00630568
 -0.00625518]",0.222,0.762,-0.417,70.263,0.97,0.617,0.11567778365333309
110,0,0,1,[0.02503027 0.02359968 0.02218452 ... 0.01170689 0.01167957 0.01169645],0.463,0.567,1.384,27.86,0.988,0.68,0.22780577273959668
111,0,1,0,"[-0.01035473 -0.01091108 -0.01139287 ... -0.00212139 -0.00352257
 -0.00495726]",0.323,0.581,3.085,12.593,0.987,0.893,0.43693949397265985
112,0,0,0,[0.00480104 0.00376866 0.00276601 ... 0.00647178 0.00585063 0.00526511],0.037,0.657,3.105,12.521,0.99,0.889,0.42016710423773507
113,1,1,0,"[-0.01753236 -0.02063426 -0.02363062 ... -0.01054814 -0.01023603
 -0.00990132]",0.017,0.658,2.571,11.168,0.989,0.797,0.42296926624191883
114,1,1,0,"[-0.00666912 -0.00987051 -0.0129858  ... -0.01467296 -0.01288336
 -0.01105145]",0.011,0.62,2.459,12.973,0.989,0.801,0.447705914712102
115,0,0,1,"[-0.00324922 -0.0035081  -0.00374381 ... -0.00301831 -0.00202956
 -0.00099509]",0.009,0.551,1.03,118.33,0.988,0.726,0.20512934574462063
116,0,0,0,"[ 0.01054142  0.01231692  0.01403995 ... -0.00206143 -0.00230434
 -0.00255093]",0.01,0.649,0.469,10.572,0.987,0.732,0.2532894328321239
117,0,0,0,"[-0.27467247 -0.27303879 -0.27143947 ... -0.05402179 -0.04933285
 -0.04445768]",0.058,0.647,0.21,17.182,0.945,0.587,0.10503464687442557
118,0,1,0,"[-0.01025781 -0.01015018 -0.01007816 ... -0.00808874 -0.00667679
 -0.00523776]",0.232,0.648,2.066,6.385,0.985,0.85,0.39321581931008576
119,0,0,1,[0.00569996 0.0061023  0.00648021 ... 0.00206401 0.00130216 0.00052044],0.246,0.617,0.268,7.297,0.984,0.746,0.24329182217815098
120,0,0,0,"[-0.00821545 -0.0082727  -0.00832993 ... -0.01510086 -0.01458671
 -0.01412512]",0.612,0.59,3.759,18.158,0.99,0.911,0.5084678574282592
121,0,1,0,"[ 0.00145818 -0.00152814 -0.00440391 ...  0.01820107  0.01739011
  0.01663652]",0.023,0.651,3.377,15.955,0.988,0.901,0.49667434444049746
122,0,0,0,"[-0.0072794  -0.0112566  -0.01510223 ...  0.02100339  0.01733812
  0.01357418]",0.198,0.615,3.42,16.565,0.98,0.9,0.49754446795916857
123,0,0,0,"[-0.00393697 -0.00165468  0.00056684 ...  0.03205294  0.02739503
  0.02262014]",0.073,0.662,3.665,18.216,0.979,0.887,0.4918883320251982
124,1,0,0,"[-0.02820061 -0.02707228 -0.02586185 ... -0.03940098 -0.03939741
 -0.03935062]",0.358,0.587,-0.106,9.223,0.984,0.78,0.29627180164683997
125,1,0,1,"[-0.09149972 -0.08897932 -0.08655689 ...  0.00610601  0.00434337
  0.00251595]",0.537,0.607,-1.398,26.594,0.952,0.679,0.19365712059011128
126,0,0,1,"[-0.00832566 -0.00567325 -0.00306283 ... -0.02170637 -0.0198185
 -0.01793515]",0.196,0.53,-1.818,39.9,0.983,0.591,0.0709049350156109
127,0,0,1,"[ 0.01427387  0.01536099  0.01642203 ... -0.00410484 -0.00352532
 -0.00295979]",0.182,0.882,0.481,5.617,0.978,0.792,0.2983579098241432
128,0,1,0,"[-0.0086018  -0.01072245 -0.01275004 ... -0.01246187 -0.00914477
 -0.00575129]",0.73,0.571,3.129,13.592,0.99,0.88,0.4363377103858465
129,0,0,0,"[-0.00889066 -0.00985703 -0.0108003  ... -0.0021602  -0.00012398
  0.00202225]",0.105,0.643,2.336,10.753,0.984,0.853,0.4469921876895351
130,0,0,0,"[-0.00845376 -0.01144687 -0.01433109 ...  0.02181839  0.01829634
  0.01468825]",0.725,0.573,3.082,13.264,0.987,0.882,0.42798196195504423
131,0,0,0,"[-0.00535157 -0.0030573  -0.00080347 ...  0.00336079  0.00373169
  0.00414739]",0.145,0.602,1.938,10.716,0.985,0.837,0.4120868949360488
132,0,0,1,"[ 1.43570021e-03 -6.18051823e-05 -1.54163971e-03 ... -8.52660152e-03
 -7.52080525e-03 -6.48522856e-03]",0.086,0.576,-0.911,57.991,0.983,0.609,0.08805651743231596
133,0,0,1,"[ 0.0026853  -0.00052577 -0.00365195 ...  0.00377564  0.00218319
  0.00052401]",0.119,0.634,1.203,208.397,0.982,0.698,0.1366690634972206
134,0,1,1,"[ 0.004643   -0.0029669  -0.01041675 ...  0.01663467  0.01407043
  0.01138505]",0.059,0.809,-1.689,60.777,0.985,0.614,0.10738279193547202
135,0,0,0,"[-0.02134605 -0.01935974 -0.0173239  ... -0.0059416  -0.00530771
 -0.00465944]",0.165,0.608,-0.832,39.167,0.976,0.71,0.14776208146465128
136,0,1,1,"[-0.02794764 -0.03053662 -0.03305372 ...  0.01910322  0.01825036
  0.01741782]",0.002,0.651,1.76,17.33,0.986,0.819,0.34667656426925825
137,0,1,0,"[-0.00896903 -0.00795361 -0.00697778 ...  0.00339701  0.00410166
  0.00487686]",0.0,0.628,4.51,24.7,0.992,0.926,0.5064184497302604
138,0,1,0,"[-0.00627532 -0.00376885 -0.00131852 ... -0.00439516 -0.0044136
 -0.00444368]",0.067,0.639,2.768,13.313,0.988,0.855,0.4263424122316557
139,0,0,0,"[-0.01122413 -0.0122688  -0.01329864 ... -0.00267542 -0.00176222
 -0.00082703]",0.605,0.58,0.943,3.687,0.984,0.777,0.30693088008615643
140,0,1,0,"[-0.01428284 -0.01559061 -0.01680989 ... -0.00669234 -0.00561156
 -0.00454423]",0.004,0.608,3.882,20.369,0.988,0.933,0.5104273690392872
141,1,0,0,"[ 0.01253743  0.01229302  0.01200686 ... -0.01387059 -0.01146345
 -0.00901433]",0.012,0.632,1.942,6.924,0.985,0.843,0.4035765502881109
142,0,0,0,"[-0.01577649 -0.01572239 -0.01569465 ...  0.00114853  0.0012608
  0.00137105]",0.516,0.589,1.23,5.473,0.982,0.748,0.2523716315723677
143,1,1,0,"[-0.00760977 -0.00737044 -0.00713701 ...  0.00703091  0.00598529
  0.00491797]",0.7,0.577,1.998,8.069,0.988,0.841,0.4125287618930727
144,0,0,0,"[ 0.01354673  0.02183339  0.03013669 ... -0.01412806 -0.01224689
 -0.0102771 ]",0.615,0.581,1.782,7.618,0.988,0.83,0.40623209074555555
145,0,0,0,"[-0.0132431  -0.0142882  -0.01533109 ... -0.03699903 -0.03325714
 -0.02950809]",0.021,0.642,2.248,62.414,0.989,0.739,0.2707471189002602
146,1,1,0,"[ 0.00597111  0.00580358  0.00564186 ... -0.00771671 -0.00861421
 -0.00955202]",0.008,0.652,4.481,23.41,0.988,0.921,0.5343133260451799
147,1,1,0,"[-4.32066141e-03 -4.36121341e-03 -4.37424574e-03 ... -7.59088267e-05
 -2.17205659e-04 -3.08900068e-04]",0.002,0.652,-0.674,63.892,0.993,0.786,0.3705370649121257
148,0,1,0,"[-0.00556829 -0.0039994  -0.00242843 ...  0.0062641   0.00521292
  0.00414878]",0.163,0.478,0.791,5.067,0.979,0.843,0.5440240062903988
149,0,0,0,"[-0.00534502 -0.00620301 -0.00703615 ... -0.00659908 -0.0048755
 -0.00309799]",0.202,0.769,0.808,5.346,0.984,0.839,0.5564778965522634
150,2,1,0,"[-0.01151871 -0.01093222 -0.01033517 ...  0.00778061  0.00534737
  0.00287435]",0.26,0.57,1.013,2.709,0.983,0.847,0.40716295196232805
151,2,1,0,"[-0.00183409 -0.00223088 -0.00261885 ... -0.00794759 -0.0061902
 -0.00437512]",0.3,0.573,0.948,3.886,0.988,0.842,0.42813044039191045
152,0,0,0,"[ 0.00788026  0.00479544  0.00178112 ... -0.01238422 -0.01073485
 -0.00905779]",0.008,0.605,2.094,10.223,0.987,0.812,0.4443539427473604
153,0,0,0,"[-0.00446402 -0.00633875 -0.00820522 ...  0.00231233  0.00249647
  0.0026779 ]",0.005,0.553,6.024,155.45,0.985,0.717,0.1970647143896827
154,1,1,0,[0.01064142 0.01105689 0.01150285 ... 0.00182284 0.00172119 0.00160219],0.437,0.583,2.815,14.718,0.989,0.881,0.49332223656062457
155,0,1,0,[0.02091996 0.02134393 0.0217448  ... 0.0212158  0.0183207  0.01538308],0.011,0.636,2.88,14.088,0.988,0.849,0.4869657586938033
156,1,1,0,"[-0.002823   -0.00260599 -0.00239609 ...  0.00716786  0.00578344
  0.00436957]",0.0,0.617,4.081,20.479,0.991,0.916,0.5557025937225241
157,0,1,0,"[-0.01540773 -0.0149307  -0.01449283 ... -0.01544806 -0.01467436
 -0.01389434]",0.011,0.662,1.99,8.721,0.991,0.826,0.4259060054514445
158,0,0,0,"[-0.00869797 -0.00710372 -0.00557381 ...  0.00101451  0.00236983
  0.00377082]",0.791,0.585,2.002,6.96,0.99,0.849,0.35732455291133214
159,0,0,0,[0.00150147 0.00371801 0.00587601 ... 0.00509831 0.00368807 0.00227585],0.192,0.612,2.317,8.396,0.986,0.884,0.44281549259655556
160,0,1,0,"[-0.00740801 -0.00840111 -0.00934114 ... -0.00592473 -0.00637766
 -0.00688471]",0.002,0.539,1.608,5.739,0.992,0.816,0.3076565929789154
161,0,0,0,[0.03090556 0.03035175 0.0297644  ... 0.01294809 0.01131379 0.00965931],0.237,0.644,6.129,156.507,0.981,0.658,0.14670330716888996
162,0,0,0,"[ 0.00364846 -0.0013899  -0.00633688 ...  0.01246259  0.01087744
  0.00932217]",0.222,0.614,3.791,18.939,0.986,0.921,0.6092327189100862
163,0,0,0,"[-0.0189507  -0.02887493 -0.03872877 ...  0.00904903  0.00754627
  0.00602641]",0.107,0.646,1.512,26.471,0.983,0.814,0.48737107857455064
164,0,1,0,"[ 0.00146431  0.00112055  0.0007855  ... -0.00449647 -0.00317907
 -0.00183065]",0.036,0.657,1.737,10.498,0.988,0.804,0.3601008025607176
165,0,0,0,"[ 0.00127019 -0.00057683 -0.00237881 ... -0.01551886 -0.0126254
 -0.00965405]",0.264,0.897,2.074,267.986,0.985,0.694,0.19637174433890606
166,0,1,0,[0.00748352 0.00402942 0.00066551 ... 0.0045564  0.00394    0.00332749],0.009,0.557,2.411,12.811,0.989,0.795,0.34988635532643003
167,0,1,1,"[ 0.00885347  0.00809967  0.00736809 ... -0.00958891 -0.0073777
 -0.00509252]",0.247,0.678,1.149,5.012,0.973,0.83,0.2948676033144186
168,0,0,1,"[ 0.001609    0.00232538  0.00300328 ... -0.01597916 -0.01520497
 -0.01439606]",0.038,0.645,1.247,47.878,0.984,0.687,0.1798670950011448
169,0,0,1,"[ 0.06891877  0.06831811  0.06774711 ... -0.02023038 -0.01716179
 -0.014035  ]",0.273,0.647,1.026,26.264,0.934,0.724,0.17744186468211226
170,0,1,0,[0.01087455 0.00792358 0.00503563 ... 0.02186787 0.01726626 0.01253269],0.274,0.636,0.231,0.634,0.978,0.713,0.16848404907695974
171,0,1,1,[0.0095795  0.01971536 0.0295951  ... 0.00287695 0.00419196 0.00547037],0.365,0.639,0.614,8.957,0.975,0.818,0.27011014518666937
172,2,1,1,[0.0173884  0.01584886 0.01430069 ... 0.05511064 0.04530702 0.03525792],0.237,0.683,-1.223,44.329,0.98,0.753,0.28534989394050764
173,2,1,1,"[-0.00054176  0.00142171  0.00324758 ...  0.00253765  0.00190334
  0.00121912]",0.043,0.625,0.536,17.989,0.989,0.643,0.14160946292105936
174,0,1,0,"[ 0.00031026 -0.00113426 -0.00255753 ...  0.0056749   0.00383589
  0.00192648]",0.02,0.641,2.846,14.042,0.988,0.918,0.4831724769258894
175,0,1,0,"[-0.00313079 -0.00457544 -0.00597875 ...  0.03461797  0.03104442
  0.02740202]",0.006,0.623,2.856,14.401,0.984,0.888,0.45718505679012916
176,0,1,1,"[-0.02084836 -0.0185025  -0.01623881 ... -0.00235117 -0.00064522
  0.00113107]",0.103,0.751,1.214,127.126,0.987,0.721,0.25492985128566525
177,0,1,0,"[-0.05233669 -0.05501926 -0.05759863 ...  0.00488875  0.00356573
  0.00219582]",0.225,0.624,1.441,11.998,0.946,0.794,0.35952659932695563
178,0,0,0,[0.08971017 0.09173677 0.09367346 ... 0.00906292 0.00882268 0.00860058],0.531,0.58,0.4,9.796,0.911,0.672,0.14379835591130669
179,1,0,1,"[-0.03413898 -0.03269479 -0.03123753 ... -0.09108725 -0.08345867
 -0.075834  ]",0.128,0.614,-4.607,178.709,0.98,0.723,0.23450149866390904
180,0,0,1,[0.00596254 0.0063033  0.00664828 ... 0.00662159 0.00496218 0.00324729],0.638,0.586,4.501,128.119,0.986,0.534,0.05398168685186738
181,1,0,0,"[-0.00180263 -0.00244197 -0.00308925 ... -0.00404108 -0.0035212
 -0.00304165]",0.107,0.629,3.503,19.176,0.989,0.818,0.44553549830685213
182,0,0,0,"[ 0.00279276  0.00546267  0.00802783 ... -0.01022423 -0.00787001
 -0.00545088]",0.025,0.642,1.587,11.082,0.991,0.903,0.5708623269393457
183,0,1,0,"[-0.00259044 -0.00171386 -0.00083693 ...  0.00298972  0.00207174
  0.00116196]",0.013,0.62,2.876,131.837,0.99,0.652,0.15983744410186226
184,0,1,0,"[-0.00338124 -0.0032217  -0.00301419 ... -0.00127498 -0.00085668
 -0.00048365]",0.123,0.621,2.118,16.632,0.988,0.808,0.3208630692013098
185,0,1,0,"[-0.00994024 -0.00893582 -0.00791703 ... -0.00558674 -0.00574696
 -0.0059546 ]",0.411,0.58,1.297,9.028,0.989,0.862,0.39632020123218953
186,2,1,1,"[-0.00895964 -0.00835346 -0.00766805 ...  0.00109618  0.00114819
  0.00131021]",0.068,0.646,-1.804,53.612,0.987,0.666,0.1541341309324409
187,2,1,0,"[-0.0024671  -0.00058754  0.00125355 ...  0.0023209   0.00263406
  0.00299462]",0.503,0.58,5.665,169.449,0.988,0.796,0.2794412163870285
188,0,1,0,"[-0.00269001 -0.00118559  0.00022739 ...  0.00188657  0.00187144
  0.00181931]",0.101,0.666,2.396,10.09,0.989,0.863,0.4113319870777975
189,0,0,1,"[ 0.00895816  0.00798136  0.0070217  ... -0.0098096  -0.00805303
 -0.00629108]",0.011,0.632,1.625,5.584,0.988,0.781,0.28525389933205725
190,0,0,1,[0.02352414 0.02289857 0.02227984 ... 0.00712843 0.00677679 0.00641948],0.04,0.538,0.341,8.041,0.98,0.759,0.3031734296349329
191,0,0,0,"[-0.01490964 -0.01195752 -0.00897405 ... -0.00302689 -0.0023136
 -0.00156637]",0.012,0.57,0.118,49.779,0.99,0.695,0.20539803693676745
192,0,1,0,"[-0.01935437 -0.02197034 -0.02452061 ...  0.02118472  0.01780886
  0.01441649]",0.087,0.652,1.029,6.102,0.981,0.716,0.19348949346968497
193,0,0,0,"[-0.04033963 -0.0294487  -0.01866963 ... -0.00329383 -0.00374999
 -0.00419903]",0.323,0.588,1.733,12.399,0.976,0.806,0.35510909680000186
194,0,0,1,"[ 0.06655376  0.06858046  0.07054123 ... -0.00127414 -0.00177604
 -0.00227346]",0.025,0.578,-0.226,36.258,0.985,0.791,0.3206860176090225
195,0,0,1,"[-0.00455175 -0.0048616  -0.00517285 ... -0.0080735  -0.00714888
 -0.00619696]",0.164,0.608,-0.404,8.635,0.987,0.633,0.15166613991852032
196,0,0,1,"[-0.02220318 -0.02548715 -0.02865013 ... -0.00442126 -0.00430763
 -0.00418646]",0.007,0.591,-1.312,41.937,0.987,0.688,0.1932464557365371
197,0,0,0,"[-0.01270196 -0.01154178 -0.0104078  ...  0.01006338  0.00933927
  0.00860066]",0.02,0.56,2.252,8.465,0.977,0.777,0.3254474109304728
198,0,0,1,"[-5.25106641e-03 -6.30664948e-03 -7.31096211e-03 ...  1.12885479e-03
  5.98155624e-04  3.54738263e-05]",0.004,0.619,-1.635,48.606,0.991,0.584,0.08004636574463901
199,0,0,0,"[-7.59509029e-03 -9.22155537e-03 -1.08041603e-02 ...  8.97846079e-05
  3.15737601e-04  5.41001554e-04]",0.005,0.553,0.256,30.482,0.989,0.635,0.11315509398623984
200,1,1,0,[0.01309372 0.01401238 0.01489181 ... 0.00842093 0.00680209 0.00508672],0.034,0.618,1.968,11.001,0.989,0.781,0.30006360096869406
201,1,1,0,"[ 6.03417084e-05 -9.64521979e-04 -1.95480221e-03 ...  1.64923005e-02
  1.36541163e-02  1.07307218e-02]",0.0,0.635,1.711,13.283,0.991,0.716,0.24435705075491665
202,1,1,0,"[-0.01527516 -0.01261517 -0.0099839  ... -0.01015339 -0.00839261
 -0.00654528]",0.076,0.615,3.761,16.277,0.988,0.925,0.5488824097541734
203,1,1,0,"[-0.00543344 -0.00349956 -0.00161096 ... -0.00269029 -0.00288175
 -0.00305624]",0.124,0.59,3.595,15.127,0.992,0.906,0.5026324714553833
204,0,0,1,"[-0.00793619 -0.00690891 -0.00587693 ...  0.00471068  0.00414101
  0.00356081]",0.167,0.587,-1.321,20.666,0.989,0.687,0.17651485914646495
205,0,0,1,"[-0.20600806 -0.20776432 -0.20972594 ...  0.01340564  0.0110027
  0.00848994]",0.007,0.569,0.223,14.623,0.972,0.674,0.14923161651746475
206,1,0,0,[0.00410194 0.00529982 0.00644533 ... 0.00868612 0.00797375 0.00720766],0.615,0.567,4.412,22.804,0.993,0.925,0.5698869777508982
207,1,0,0,"[ 0.0021885   0.00542443  0.0086036  ... -0.00184591 -0.00125464
 -0.00062575]",0.008,0.615,4.521,23.894,0.993,0.928,0.562087418998839
208,0,0,0,"[-0.0552028  -0.05547184 -0.05575025 ...  0.00334304  0.00353682
  0.00380226]",0.222,0.919,1.615,6.701,0.965,0.788,0.29304653407372766
209,0,1,1,[0.00461921 0.00450786 0.00436783 ... 0.01047075 0.00835206 0.00612583],0.161,0.607,2.61,11.223,0.987,0.84,0.39383315869691804
210,1,0,1,[0.3081367  0.30403735 0.29998308 ... 0.02148661 0.02099958 0.02053558],0.0,0.589,-0.846,31.723,0.958,0.691,0.21093671890450666
211,1,0,1,[0.0175653  0.01812126 0.01870416 ... 0.014088   0.01245893 0.01078961],0.021,0.59,-0.438,16.818,0.988,0.699,0.1930803755090187
212,0,1,0,"[-0.00574084 -0.00861534 -0.01140755 ...  0.0070165   0.0041441
  0.00119961]",0.201,0.883,2.536,31.436,0.982,0.687,0.14966189407470806
213,0,1,0,"[ 0.02323688  0.02684044  0.03033604 ... -0.00402384 -0.00386399
 -0.00373479]",0.262,0.656,1.983,4.863,0.975,0.875,0.32032534295714693
214,1,1,0,"[-0.00879592 -0.01546849 -0.02202113 ...  0.00200072  0.00202302
  0.0020573 ]",0.004,0.639,0.645,12.358,0.985,0.753,0.28248934161869765
215,1,1,0,"[-0.00239241 -0.00022107  0.00189984 ... -0.0058979  -0.00535776
 -0.00479251]",0.008,0.642,2.871,11.916,0.99,0.873,0.4361968481829225
216,1,1,1,"[-0.0831135  -0.08036046 -0.07770117 ...  0.00626145  0.00576751
  0.00530991]",0.027,0.65,-0.997,37.802,0.979,0.699,0.18180278963795715
217,1,1,0,"[-0.01247744 -0.01130205 -0.01012006 ... -0.01853288 -0.01529793
 -0.01209566]",0.03,0.611,3.291,16.944,0.992,0.923,0.4623484239465218
218,1,1,0,"[-0.00607536 -0.006279   -0.00646214 ...  0.15038765  0.15106552
  0.15214176]",0.01,0.651,4.553,25.325,0.954,0.896,0.5166750595215277
219,1,1,0,"[-6.03481735e-03 -8.53350258e-06  5.85310872e-03 ... -7.18932735e-03
 -6.63604743e-03 -6.04520890e-03]",0.863,0.574,3.717,21.941,0.993,0.857,0.43817492882662257
220,0,0,0,"[ 0.00021048 -0.00109835 -0.00236964 ...  0.01561284  0.01551499
  0.01543958]",0.071,0.638,2.586,9.006,0.982,0.878,0.4395199673974591
221,0,0,0,[0.00560748 0.00495356 0.00430036 ... 0.00173107 0.0017736  0.00182064],0.0,0.541,2.769,10.836,0.991,0.868,0.45511765665017945
222,0,0,0,"[-2.54189326e-03 -1.22777172e-03  5.85976725e-05 ... -1.51242286e-04
  3.51058332e-04  9.10961043e-04]",0.18,0.598,1.298,2.748,0.986,0.83,0.3375427473079739
223,0,0,0,"[-0.00677873 -0.00512871 -0.00351399 ...  0.0119122   0.010672
  0.00942257]",0.078,0.654,1.085,3.794,0.982,0.775,0.3036993516354076
224,1,0,0,"[ 0.00525579  0.0019557  -0.00131883 ... -0.00841302 -0.00641467
 -0.00429757]",0.216,0.869,0.975,5.125,0.981,0.878,0.4510646576960858
225,1,0,0,"[-0.01180975 -0.01161036 -0.01142048 ...  0.02802849  0.02562272
  0.02319603]",0.303,0.575,1.096,6.204,0.979,0.833,0.4050622418416849
226,1,0,1,"[-0.03401644 -0.03841147 -0.04266844 ...  0.02331393  0.02068294
  0.01800177]",0.135,0.66,1.37,5.151,0.971,0.763,0.27104684003538915
227,1,0,0,"[-0.00086234 -0.00128555 -0.00173018 ... -0.00413218 -0.00439787
 -0.00465772]",0.016,0.638,2.08,7.014,0.989,0.837,0.3825271998944012
228,0,0,1,"[ 0.10073371  0.08995488  0.07946805 ... -0.00878613 -0.01008951
 -0.01150414]",0.15,0.505,0.729,37.129,0.973,0.71,0.19381914964371855
229,0,0,0,"[-0.03385484 -0.03475113 -0.03560426 ... -0.01198327 -0.01290974
 -0.01392308]",0.023,0.601,3.684,18.06,0.987,0.872,0.45452962439278327
230,1,1,0,"[-0.00289157 -0.00222058 -0.00153216 ...  0.01032364  0.00907635
  0.00784253]",0.142,0.656,1.809,7.23,0.987,0.88,0.41232182612664425
231,1,1,0,"[-0.00696909 -0.00366609 -0.00025171 ...  0.01145685  0.0105438
  0.00960342]",0.538,0.569,1.84,9.783,0.986,0.863,0.42140727797346395
232,0,1,0,"[-0.00580375 -0.00454444 -0.00330923 ...  0.0061421   0.00383887
  0.00147588]",0.447,0.582,2.693,9.945,0.992,0.9,0.5053735312033552
233,0,1,0,"[ 0.00312524  0.00377615  0.00445094 ... -0.00652041 -0.00531469
 -0.00409745]",0.629,0.573,1.29,9.205,0.993,0.765,0.3294506798684998
234,1,1,1,[0.01595753 0.01333868 0.01078737 ... 0.02109716 0.0199542  0.01881317],0.266,0.817,2.371,9.24,0.985,0.917,0.41219263326056954
235,1,1,0,"[-0.02039184 -0.02082373 -0.02127289 ... -0.00104504 -0.00183498
 -0.00273394]",0.151,0.891,-0.47,139.321,0.986,0.716,0.25575031032099393
236,1,1,0,"[ 0.00209081  0.00263936  0.00318695 ... -0.00701573 -0.006513
 -0.00600732]",0.008,0.619,2.312,11.321,0.989,0.909,0.6299868593095405
237,1,1,0,"[-0.00139916 -0.00022615  0.00091036 ...  0.00235412  0.00206292
  0.00176724]",0.369,0.582,2.518,12.597,0.994,0.909,0.6573016700370499
238,0,1,1,"[-0.00040821  0.00035138  0.00108779 ...  0.00162649  0.00156995
  0.00152917]",0.424,0.59,-0.555,32.073,0.992,0.687,0.19480454856783144
239,0,0,0,"[-0.00431857 -0.00415238 -0.00397983 ... -0.00959228 -0.00877509
 -0.00797737]",0.887,0.581,1.095,13.537,0.996,0.711,0.24660324459334648
240,0,0,1,"[ 0.0025641   0.00327809  0.00401641 ... -0.01395543 -0.01320706
 -0.0125017 ]",0.008,0.618,-0.367,88.644,0.988,0.641,0.14644541805031355
241,0,1,0,"[-0.00290262 -0.00246453 -0.00205518 ... -0.00877742 -0.00816115
 -0.00755031]",0.665,0.568,3.363,15.009,0.992,0.88,0.470632764854022
242,1,1,0,"[-6.51155027e-03 -5.64303529e-03 -4.77869286e-03 ... -1.18292729e-03
 -5.47658458e-04  8.51588755e-05]",0.023,0.631,2.16,8.371,0.988,0.82,0.45400894825391164
243,1,1,0,"[-2.97350786e-03 -2.79010976e-03 -2.62536198e-03 ... -6.66798677e-05
  2.36582038e-04  5.67548066e-04]",0.659,0.574,2.638,9.824,0.992,0.844,0.4161444774039941
244,1,1,0,"[-0.05031692 -0.05232302 -0.05426172 ...  0.00323743  0.00235325
  0.00143803]",0.008,0.647,-2.357,54.372,0.977,0.728,0.18409985240494986
245,1,1,0,"[-0.00149524 -0.00245209 -0.00338056 ... -0.00030299 -0.00037204
 -0.00041481]",0.555,0.574,1.735,9.045,0.993,0.846,0.3477765776498905
246,0,1,0,"[-0.00406418 -0.0019129   0.00017325 ...  0.01183943  0.01041845
  0.00897299]",0.257,0.595,1.784,4.049,0.976,0.852,0.33146022682265014
247,0,0,0,[0.00136741 0.00644189 0.01138619 ... 0.03469676 0.0274849  0.02011288],0.284,0.643,1.834,3.807,0.973,0.864,0.2886299347422685
248,1,1,0,[0.01275112 0.01792037 0.02292639 ... 0.01072735 0.00863    0.00650062],0.42,0.581,4.432,22.414,0.986,0.895,0.5531303037153894
249,1,1,0,"[ 0.00687908  0.00014401 -0.00642991 ... -0.00938414 -0.00634463
 -0.00325435]",0.112,0.624,4.303,21.915,0.985,0.877,0.5468378550910299
250,1,1,0,"[-0.01199146 -0.0094761  -0.00698644 ... -0.00258297 -0.00156787
 -0.00046316]",0.221,0.641,3.415,13.716,0.985,0.919,0.5517077760470273
251,1,1,0,"[ 0.00555724  0.00456538  0.00355558 ... -0.00083372  0.00020084
  0.00123497]",0.254,0.567,3.443,13.899,0.989,0.901,0.5396717575120283
252,0,0,1,"[-0.00105998 -0.00555762 -0.0099973  ... -0.0103227  -0.0129388
 -0.01560819]",0.214,0.735,1.337,53.532,0.972,0.637,0.0988303463530734
253,0,0,1,"[-0.00501013 -0.00721663 -0.00937534 ...  0.00804014  0.00851799
  0.0090403 ]",0.228,0.602,2.371,30.648,0.978,0.677,0.17254160126978205
254,1,1,1,"[-0.02519162 -0.02459884 -0.0239961  ... -0.01954879 -0.01619824
 -0.01277622]",0.212,0.572,3.158,119.918,0.986,0.732,0.2794644457443965
255,1,1,0,"[-0.00516794 -0.00467968 -0.00423258 ... -0.00699673 -0.00511813
 -0.00323837]",0.21,0.595,1.077,4.08,0.989,0.761,0.263999963350395
256,0,0,0,"[-0.01538327 -0.00884322 -0.0024482  ... -0.00749716 -0.00723364
 -0.00697757]",0.015,0.648,1.629,33.286,0.986,0.749,0.25380021986348783
257,0,0,0,"[-0.00595934 -0.0066844  -0.00737546 ...  0.00036249 -0.00052225
 -0.00141316]",0.006,0.626,1.911,23.333,0.991,0.792,0.34724010357597185
258,1,0,1,"[-1.11610070e-02 -1.28088047e-02 -1.44210822e-02 ... -2.03350390e-04
 -1.34312247e-04 -6.61417819e-05]",0.016,0.637,0.454,2.78,0.987,0.736,0.25650878007497974
259,1,1,1,"[-0.04164913 -0.04394941 -0.04616786 ...  0.01530673  0.01312924
  0.01090434]",0.02,0.638,0.99,8.225,0.967,0.735,0.25363070962594136
260,0,1,0,"[-1.50607633e-03 -7.68304997e-04 -7.98643672e-05 ...  2.41469449e-02
  2.05351438e-02  1.68492600e-02]",0.078,0.589,2.826,140.852,0.981,0.683,0.18153364313906903
261,0,1,0,"[ 0.02037012  0.02547996  0.03044016 ... -0.00637378 -0.00961166
 -0.01281981]",0.173,0.647,0.079,17.897,0.976,0.704,0.2492191697647909
262,1,1,1,"[-0.00878888 -0.0097062  -0.01061731 ... -0.01530372 -0.01221628
 -0.00902197]",0.057,0.676,-0.398,91.727,0.99,0.732,0.23159831526495772
263,1,0,1,"[-0.01428656 -0.01563999 -0.01701358 ...  0.00844724  0.00725582
  0.00607696]",0.443,0.574,0.878,20.163,0.985,0.661,0.155360889178919
264,1,0,0,"[-0.00414877 -0.00556753 -0.00691641 ...  0.00572883  0.00324485
  0.00070316]",0.173,0.587,1.747,6.391,0.985,0.857,0.40443352319253617
265,1,0,1,"[-0.01404948 -0.01387329 -0.01367212 ... -0.02345255 -0.02069041
 -0.01786171]",0.2,0.588,2.211,50.984,0.984,0.707,0.16795168521212436
266,1,1,0,"[ 0.00574112  0.00440006  0.00309136 ... -0.00149624 -0.00182061
 -0.00218009]",0.164,0.637,0.941,6.478,0.984,0.743,0.26714202324902686
267,1,1,0,"[ 0.00134871  0.00274869  0.00409129 ... -0.0103863  -0.00851223
 -0.00659691]",0.175,0.655,2.381,9.144,0.985,0.83,0.42306494290860236
268,0,0,1,"[-0.00845935 -0.00530556 -0.00221992 ... -0.00106374 -0.00125083
 -0.00147673]",0.078,0.629,0.937,79.07,0.987,0.683,0.1312703138048929
269,0,0,1,"[-0.00075275  0.00031381  0.0013306  ... -0.00981652 -0.00875861
 -0.00768877]",0.218,0.601,-1.856,115.287,0.988,0.572,0.07238760497706401
270,1,1,0,"[ 0.00448142  0.00376871  0.00315217 ... -0.00212069 -0.00155774
 -0.00097579]",0.034,0.646,-1.976,48.357,0.992,0.665,0.1570886109540372
271,0,1,0,"[ 0.00813544  0.00857294  0.00900025 ... -0.00502443 -0.00511685
 -0.00523197]",0.481,0.576,1.804,7.8,0.986,0.81,0.3710223817417908
272,1,1,1,[0.00499912 0.00500709 0.00499413 ... 0.00505077 0.00369036 0.00230543],0.01,0.703,-0.371,27.939,0.994,0.765,0.27887807015567545
273,0,1,0,"[ 0.01681761  0.01512435  0.01349656 ... -0.00631238 -0.00541871
 -0.00451174]",0.002,0.514,2.605,11.526,0.98,0.852,0.4620676018726561
274,2,1,0,"[ 0.01207495  0.02010528  0.02786149 ... -0.00998813 -0.00717512
 -0.00424937]",0.071,0.657,2.989,13.657,0.986,0.844,0.45671919957529516
275,2,1,0,"[ 0.00356113  0.00229881  0.0010681  ... -0.00611439 -0.00531741
 -0.0044889 ]",0.032,0.602,2.441,11.275,0.989,0.81,0.39889377631046696
276,0,1,1,"[ 0.02460807  0.03219557  0.03957148 ... -0.00080495 -0.00022431
  0.00034861]",0.137,0.631,3.294,15.429,0.982,0.858,0.4568308957375988
277,0,0,0,"[ 0.04840407  0.04840002  0.04837375 ... -0.0110299  -0.01088931
 -0.01078243]",0.038,0.624,2.87,12.666,0.973,0.812,0.3905458880707537
278,0,0,1,"[ 0.00577355  0.00375263  0.00172117 ... -0.01376186 -0.01241263
 -0.0110629 ]",0.217,0.639,2.713,28.628,0.976,0.726,0.22584334940292605
279,0,0,0,"[ 0.00939747  0.00997552  0.01055379 ... -0.00460763 -0.00465929
 -0.00473642]",0.081,0.624,0.378,3.89,0.978,0.834,0.34052710403828157
280,0,0,1,"[-0.00907196 -0.00878338 -0.00847034 ...  0.00307621  0.00309746
  0.00312555]",0.228,0.58,6.947,270.883,0.977,0.584,0.07593377085689385
281,0,0,1,"[-0.00083001 -0.00185231 -0.00282327 ... -0.01721049 -0.0141739
 -0.01104703]",0.276,0.579,0.1,3.891,0.978,0.749,0.25604509799198033
282,1,1,0,"[ 0.00742162  0.011748    0.01588742 ... -0.02536302 -0.02196495
 -0.01855892]",0.484,0.581,2.614,11.721,0.985,0.852,0.4360472149784326
283,1,0,0,"[-0.01399468 -0.0135346  -0.01303554 ... -0.01597928 -0.0220794
 -0.02833569]",0.171,0.619,0.977,7.198,0.982,0.768,0.2955821478098568
284,1,0,1,"[-0.00102085 -0.0023138  -0.00355504 ...  0.00991858  0.0086418
  0.00737091]",0.864,0.579,1.233,9.908,0.992,0.753,0.28456983646976575
285,0,1,0,"[ 0.01023434  0.00987619  0.00951515 ... -0.00488281 -0.00311278
 -0.00123457]",0.077,0.642,2.334,7.549,0.988,0.887,0.4591417469135901
286,0,0,0,"[-0.00822033 -0.00703783 -0.00586297 ...  0.00516807  0.00473864
  0.00433886]",0.142,0.639,2.23,6.871,0.986,0.88,0.4381004588637273
287,0,0,1,"[-0.01643189 -0.01591273 -0.01540819 ...  0.00824237  0.0071255
  0.00601193]",0.285,0.621,1.109,16.288,0.973,0.739,0.20607609111655237
288,0,0,1,[0.01393048 0.01495495 0.01596103 ... 0.0056514  0.00592108 0.00620801],0.257,0.603,0.951,1.962,0.982,0.739,0.23507665412880754
289,1,0,1,"[ 0.01692515  0.01568535  0.01448367 ... -0.01052682 -0.00930587
 -0.00806057]",0.012,0.641,1.083,7.936,0.983,0.777,0.21613298646741574
290,1,0,1,[0.03129377 0.03183548 0.03234502 ... 0.00019748 0.00067387 0.00117097],0.014,0.635,0.057,12.649,0.982,0.686,0.11824032578908257
291,1,0,1,"[ 0.00851849  0.00797703  0.00745135 ... -0.01220724 -0.01104422
 -0.00989206]",0.015,0.62,1.039,15.969,0.985,0.608,0.07202061641125035
292,0,1,0,"[-0.02323627 -0.02524047 -0.02722309 ... -0.0005373  -0.00120728
 -0.00194734]",0.848,0.572,1.727,20.13,0.986,0.749,0.2684576004342364
293,0,0,1,"[-0.00082398  0.00035132  0.00150652 ... -0.0122655  -0.00973768
 -0.0072071 ]",0.007,0.556,-0.824,62.041,0.989,0.767,0.2699975173519563
294,0,1,1,"[-0.00258583 -0.0019036  -0.00122282 ...  0.01582984  0.01233636
  0.00867774]",0.226,0.931,0.912,13.14,0.979,0.776,0.24768523050936672
295,0,1,0,"[ 0.00145439  0.0015768   0.00175053 ... -0.00647553 -0.00565629
 -0.00481502]",0.21,0.777,1.175,4.133,0.985,0.781,0.24315581021681673
296,0,1,0,[0.04065934 0.04837126 0.05621062 ... 0.010402   0.00919575 0.00796578],0.002,0.628,1.749,8.443,0.98,0.781,0.39681820074940016
297,0,0,1,"[-0.00342791 -0.00373386 -0.00401027 ... -0.00999908 -0.01025624
 -0.01054029]",0.005,0.609,3.03,13.692,0.991,0.829,0.5211310245111171
298,0,1,0,"[-0.00369007 -0.00086637  0.00186911 ... -0.01307025 -0.01186591
 -0.01064219]",0.002,0.548,3.06,14.052,0.993,0.813,0.48024304148919794
299,1,0,1,"[ 0.01308327  0.01480148  0.0164417  ... -0.00748092 -0.0069881
 -0.00646437]",0.475,0.589,-2.185,108.573,0.986,0.697,0.18880925912095267
300,1,1,1,"[-0.00843845 -0.00685074 -0.00527796 ...  0.01327458  0.01256373
  0.01183536]",0.005,0.657,-2.065,93.576,0.987,0.672,0.14185865522170382
301,1,0,1,"[ 0.00115465 -0.00109754 -0.00330657 ... -0.00380789 -0.00307526
 -0.00233471]",0.155,0.933,-0.218,78.153,0.99,0.675,0.1697752031491285
302,1,0,0,"[ 0.00168469  0.00144061  0.00120562 ... -0.00086471 -0.00033587
  0.00020255]",0.008,0.629,-0.119,84.004,0.992,0.589,0.09895501002768006
303,1,1,0,"[-0.01164718 -0.00918094 -0.00678381 ...  0.02499047  0.02187553
  0.0187209 ]",0.142,0.613,2.739,11.904,0.98,0.869,0.5660777602888345
304,1,1,0,[0.01932233 0.02126407 0.02316936 ... 0.00571874 0.00611786 0.00650559],0.138,0.633,2.541,12.917,0.987,0.809,0.4166580416755743
305,2,1,0,"[-0.00135482  0.00019209  0.00170388 ...  0.01039789  0.00916539
  0.00789348]",0.0,0.481,-1.076,43.435,0.993,0.752,0.33981682700767574
306,2,1,0,"[-0.01335899 -0.01365165 -0.01391323 ... -0.04137033 -0.03948397
 -0.03758469]",0.0,0.069,-2.166,78.079,0.989,0.685,0.2266728549217667
307,1,0,1,"[ 0.33561552  0.33240711  0.32921672 ... -0.0218505  -0.02139661
 -0.02097054]",0.389,0.623,-0.055,23.113,0.914,0.618,0.09691790900922051
308,1,0,1,"[ 0.00413159  0.00342599  0.00273138 ...  0.00180855  0.0008268
 -0.00016019]",0.256,0.564,1.405,51.529,0.984,0.642,0.13106172462744817
309,1,0,0,"[-0.01705307 -0.0182401  -0.01941364 ...  0.01204091  0.00942448
  0.00674606]",0.505,0.588,0.15,10.443,0.982,0.667,0.16118780967695917
310,1,1,0,"[ 0.01674862  0.01311598  0.0096417  ... -0.01959608 -0.01645898
 -0.01321888]",0.609,0.586,-0.435,19.952,0.971,0.694,0.3092351511783702
311,1,1,0,"[-0.03024902 -0.0313074  -0.03229569 ...  0.01007294  0.00947524
  0.00883828]",0.197,0.582,0.962,3.152,0.968,0.681,0.26182723020520265
312,1,1,0,"[ 0.00675194  0.00557871  0.00445939 ... -0.03281475 -0.0288901
 -0.02491692]",0.162,0.602,2.812,12.711,0.978,0.862,0.44301700740767674
313,1,1,0,"[ 0.01814379  0.02279324  0.02733975 ... -0.01129983 -0.01066292
 -0.01002061]",0.029,0.628,2.659,10.52,0.98,0.831,0.40059930210686645
314,1,0,0,[0.068329   0.06901177 0.06966298 ... 0.00580299 0.00482632 0.00382591],0.693,0.601,1.782,24.3,0.976,0.826,0.45505051903556104
315,1,1,0,"[-0.0006544  -0.00260835 -0.00453409 ...  0.04176252  0.04486654
  0.04780522]",0.002,0.545,4.13,22.251,0.98,0.886,0.5250190635893425
316,1,0,1,"[ 0.00887712  0.00998443  0.01105465 ... -0.77541099 -0.63681437
 -0.49432399]",0.224,0.538,-1.732,85.672,0.88,0.78,0.3449308879344836
317,1,1,0,"[-0.00055758  0.00096465  0.00244303 ...  0.0151248   0.01202174
  0.00881932]",0.175,0.586,1.359,5.717,0.98,0.806,0.33497309170757333
318,1,1,0,"[ 0.03259532  0.0328327   0.03307537 ... -0.01077603 -0.00887339
 -0.00701248]",0.686,0.587,-0.694,9.941,0.965,0.668,0.2234703566393066
319,1,1,1,[0.11923139 0.11691758 0.11464421 ... 0.03041966 0.02797261 0.02572585],0.245,0.485,0.032,13.553,0.944,0.646,0.11155250856953616
320,1,0,0,"[-0.00731514 -0.00848469 -0.00962467 ... -0.01103553 -0.00880851
 -0.00652814]",0.038,0.648,2.301,8.778,0.987,0.813,0.3767532914476956
321,1,0,1,"[-0.00938455 -0.00605951 -0.00285459 ... -0.0099135  -0.00913105
 -0.00832867]",0.008,0.67,0.335,8.055,0.989,0.628,0.12749097710025697
322,0,1,1,"[-0.00548306 -0.00647239 -0.00742005 ... -0.00026269 -0.0015494
 -0.00287475]",0.258,0.864,0.766,7.106,0.983,0.812,0.3652752779439308
323,0,1,0,"[ 5.80414694e-03  6.90855136e-03  7.98323344e-03 ... -1.81730908e-03
 -9.58010700e-04 -5.24281819e-05]",0.191,0.695,1.658,5.093,0.979,0.845,0.40468717176469726
324,2,1,1,"[-0.00741019 -0.00782815 -0.00822853 ... -0.01297285 -0.01136063
 -0.00968632]",0.127,0.555,1.074,10.486,0.988,0.747,0.3783065552459261
325,2,1,1,[0.00909883 0.00780421 0.00651096 ... 0.0074925  0.00701384 0.00652662],0.233,0.597,0.746,91.818,0.99,0.625,0.13011035845213287
326,0,0,1,"[-0.00639775 -0.00546142 -0.00455396 ...  0.00700523  0.00739798
  0.00780936]",0.175,0.587,-0.079,47.823,0.987,0.729,0.23050266890663745
327,0,1,1,"[-0.00759744 -0.00728935 -0.00698119 ... -0.01942936 -0.01801707
 -0.01658546]",0.048,0.574,1.108,85.77,0.99,0.725,0.19858057645659472
328,0,0,1,"[ 0.01487823  0.01495111  0.01501625 ... -0.00375776 -0.00279754
 -0.00180274]",0.05,0.521,-3.495,61.404,0.975,0.56,0.069785316032807
329,0,0,1,"[-0.02332216 -0.02429133 -0.02522653 ...  0.01581878  0.01445179
  0.01306936]",0.311,0.596,-0.213,10.201,0.956,0.706,0.16991620133179308
330,1,0,0,"[-0.00498905 -0.0060886  -0.00706808 ... -0.01968242 -0.01735889
 -0.01507532]",0.106,0.577,2.263,9.752,0.991,0.867,0.404328435885775
331,1,0,0,"[-0.0043424  -0.00399637 -0.00366374 ... -0.0006063  -0.00058165
 -0.00056264]",0.008,0.644,-0.354,15.654,0.994,0.724,0.2502817436911615
332,0,0,0,"[ 0.00051282  0.0023062   0.00405912 ... -0.00337216 -0.00358911
 -0.00383258]",0.0,0.631,4.453,26.92,0.993,0.891,0.4952388278386759
333,0,0,0,"[ 0.00021519 -0.00162641 -0.00344603 ... -0.0020472  -0.00239758
 -0.0027621 ]",0.004,0.662,4.45,26.077,0.993,0.873,0.4794930871970445
334,1,0,0,[0.00410519 0.00384401 0.00356629 ... 0.00859341 0.00815205 0.00767695],0.046,0.586,2.519,9.437,0.992,0.898,0.49217524360077053
335,1,0,0,[0.01469058 0.01643598 0.01815477 ... 0.00160042 0.00095169 0.00029529],0.002,0.615,3.031,12.439,0.991,0.894,0.48136934138099374
336,1,0,0,"[ 0.06367615  0.07697409  0.09001428 ... -0.02403189 -0.02837943
 -0.03276947]",0.124,0.443,3.145,12.31,0.928,0.833,0.4504801771528418
337,1,0,0,"[ 0.0032854   0.00320808  0.00313257 ... -0.00123213 -0.00090588
 -0.00057081]",0.145,0.626,3.146,11.692,0.99,0.817,0.4021642327446174
338,1,1,0,"[ 0.019672    0.01824084  0.01686782 ...  0.00121458  0.00056999
 -0.00016387]",0.251,0.631,2.904,10.625,0.98,0.87,0.40248031995430983
339,1,0,0,"[ 0.00153931 -0.00070479 -0.00285091 ...  0.00242258  0.00286398
  0.00334804]",0.233,0.638,2.142,7.693,0.987,0.784,0.32590084381443973
340,1,1,0,"[-0.03159364 -0.01921068 -0.00697907 ... -0.00494942 -0.00407992
 -0.00320595]",0.493,0.578,1.719,9.274,0.984,0.922,0.5687598080649701
341,1,1,0,"[ 0.0597444   0.05750546  0.05533712 ... -0.0159703  -0.0141516
 -0.01232148]",0.558,0.572,0.906,8.616,0.976,0.837,0.46397310145311393
342,1,0,0,"[-0.00462422 -0.00541331 -0.00618146 ...  0.00971378  0.0082802
  0.00682945]",0.269,0.673,2.786,12.072,0.98,0.859,0.5014324423874678
343,1,1,0,[0.0051051  0.00592763 0.00673248 ... 0.01277573 0.0102661  0.00771074],0.263,0.634,2.583,12.0,0.981,0.864,0.515842336958641
344,0,1,0,"[ 0.00127943  0.00240381  0.00350808 ... -0.00471744 -0.00384888
 -0.00295757]",0.501,0.574,3.985,88.044,0.99,0.679,0.15536634872072932
345,0,1,0,"[ 0.00368029  0.00375765  0.00381822 ... -0.03259407 -0.03321637
 -0.03376211]",0.474,0.575,-1.027,26.33,0.974,0.677,0.14351773508341983
346,0,0,1,[0.00018617 0.0007809  0.0013531  ... 0.00291318 0.00285336 0.00279977],0.0,0.51,0.742,10.08,0.992,0.496,0.054623025971104494
347,0,0,1,"[-0.01132384 -0.01281402 -0.01440758 ... -0.01721723 -0.01675623
 -0.01630018]",0.012,0.462,0.077,8.212,0.988,0.698,0.17670584912064222
348,1,0,0,"[-0.00375924 -0.00591961 -0.00802837 ...  0.01470303  0.01329202
  0.01187624]",0.01,0.665,2.967,13.979,0.985,0.85,0.3616152873654194
349,1,1,0,"[-0.00637306 -0.0058416  -0.00535144 ...  0.00370492  0.00307943
  0.00244406]",0.005,0.529,3.588,17.968,0.988,0.862,0.4095841139173372
350,0,0,0,"[ 0.00095718 -0.00114592 -0.00324396 ...  0.00453599  0.0032248
  0.00189494]",0.31,0.592,2.092,8.383,0.987,0.853,0.4270979231059856
351,0,0,0,"[-0.00435717 -0.00377964 -0.0032     ... -0.00611899 -0.00531276
 -0.00449139]",0.025,0.667,-2.134,39.545,0.991,0.68,0.17655097140466955
352,1,1,0,"[-0.00999218 -0.01083807 -0.01163735 ...  0.02032178  0.0176432
  0.01495528]",0.004,0.619,3.761,19.367,0.988,0.872,0.43954417690073044
353,1,0,0,"[-0.00347874 -0.00192862 -0.00042991 ... -0.00302677 -0.00330968
 -0.00367446]",0.0,0.379,4.219,23.356,0.993,0.902,0.46504722089889033
354,1,1,0,"[-0.01713274 -0.0162522  -0.01541409 ...  0.0229414   0.02377976
  0.02470208]",0.861,0.582,0.546,111.883,0.983,0.649,0.14636463947087927
355,1,1,0,"[ 0.01221745  0.01207615  0.01192565 ... -0.0050901  -0.00432874
 -0.00356057]",0.003,0.58,1.894,228.782,0.99,0.778,0.3490235766463608
356,1,0,0,"[-0.00521222 -0.00583889 -0.00644929 ...  0.00363259  0.00280403
  0.00197336]",0.004,0.568,4.073,20.959,0.99,0.883,0.5106670165327104
357,1,0,0,"[-0.00761161 -0.0085073  -0.00935547 ...  0.00290011  0.00269216
  0.00252014]",0.011,0.647,4.007,20.991,0.989,0.88,0.5073856221198655
358,0,0,0,[0.00079824 0.00518709 0.00961249 ... 0.01076407 0.01011657 0.00949879],0.011,0.635,2.624,16.072,0.987,0.876,0.4874814195686819
359,0,0,0,"[-0.00377934 -0.00315023 -0.00253486 ... -0.06778498 -0.06344083
 -0.05910767]",0.006,0.655,2.52,17.656,0.969,0.881,0.5167046836049992
360,0,1,1,"[ 0.01007633  0.01045142  0.01081368 ... -0.00013291 -0.00042644
 -0.00073268]",0.555,0.579,-0.151,47.22,0.99,0.75,0.2771028659512548
361,0,1,0,"[-0.00648262 -0.00627797 -0.00608458 ... -0.01562013 -0.01556253
 -0.01549445]",0.625,0.572,0.837,2.266,0.993,0.857,0.4883753841537626
362,1,1,0,"[-0.00692935 -0.0001292   0.00663563 ...  0.01258858  0.01210959
  0.01162972]",0.699,0.569,0.716,2.758,0.987,0.89,0.5344752646605986
363,1,1,0,[0.00207517 0.00228103 0.00248153 ... 0.00364137 0.00279962 0.00195669],0.628,0.57,0.827,3.453,0.995,0.888,0.5478559513853808
364,1,1,0,[0.00451609 0.00554463 0.00653019 ... 0.00218913 0.00285881 0.00357747],0.607,0.583,4.318,19.819,0.993,0.903,0.56065089172737
365,1,1,0,"[-0.01177128 -0.01188802 -0.01197727 ... -0.0112266  -0.00975153
 -0.0082721 ]",0.66,0.595,4.282,39.713,0.99,0.777,0.38483361744742756
366,1,1,0,"[-0.00237644 -0.00265054 -0.00294271 ... -0.01068767 -0.01073209
 -0.01080559]",0.0,0.643,3.207,13.368,0.99,0.914,0.5200045121690231
367,1,1,0,[0.01223803 0.01738147 0.0223453  ... 0.00927937 0.00918839 0.00908294],0.083,0.594,3.153,12.987,0.99,0.899,0.4693258365842153
368,1,0,1,"[ 0.00623578  0.00061077 -0.00501435 ... -0.00526218 -0.00404914
 -0.00280448]",0.664,0.566,1.871,7.822,0.986,0.782,0.42964523845002306
369,1,0,1,"[-0.11160905 -0.11149968 -0.1114458  ...  0.13715801  0.13185826
  0.12650266]",0.576,0.566,0.115,45.8,0.968,0.778,0.34187986087356226
370,0,0,0,"[ 0.01459457  0.01616448  0.01769982 ... -0.0292632  -0.02855267
 -0.02782649]",0.002,0.607,-1.748,89.221,0.984,0.678,0.17586761876442628
371,0,1,0,"[ 0.00319658  0.00329188  0.00334867 ... -0.00692862 -0.00713023
 -0.00739411]",0.015,0.622,0.392,87.716,0.99,0.648,0.11361719832619718
372,0,1,1,"[-0.01689515 -0.01988601 -0.022809   ... -0.00776386 -0.00654143
 -0.0053197 ]",0.123,0.853,-0.007,143.161,0.989,0.691,0.19812253588651518
373,0,1,0,[0.00611166 0.00719991 0.00823073 ... 0.00209359 0.00300818 0.00396666],0.018,0.64,-2.826,250.035,0.989,0.744,0.30288390649397123
374,0,0,0,"[ 0.00040192 -0.00227714 -0.0049168  ... -0.00184909 -0.00120136
 -0.00051578]",0.195,0.89,0.411,2.893,0.979,0.833,0.35350024898272625
375,0,0,0,"[-0.01308853 -0.01175175 -0.01043641 ...  0.00847224  0.00706865
  0.00562028]",0.192,0.844,3.806,75.163,0.973,0.678,0.14368730302692798
376,0,0,1,"[ 0.00435467  0.00358547  0.00283497 ... -0.02155328 -0.01862951
 -0.01561477]",0.667,0.577,2.583,14.475,0.987,0.805,0.310126546473253
377,0,0,1,"[ 0.00171761  0.00414922  0.00650059 ... -0.00346702 -0.00447306
 -0.00551402]",0.09,0.62,-0.604,51.34,0.989,0.733,0.24691223689139707
378,0,1,1,"[-0.00308303 -0.00275753 -0.0024696  ...  0.01655705  0.01499889
  0.0134589 ]",0.229,0.634,-0.564,23.362,0.98,0.658,0.11128522478560834
379,0,0,1,"[ 0.00740336  0.00857323  0.0097522  ... -0.00117523  0.00057318
  0.00240613]",0.034,0.642,2.631,80.859,0.988,0.641,0.1121284505155252
380,1,0,0,"[-0.00148158 -0.00063191  0.00018482 ...  0.00690868  0.00549474
  0.00403563]",0.48,0.581,-0.788,151.811,0.987,0.689,0.16593819897723053
381,0,0,0,"[ 0.02727419  0.03669213  0.04589271 ... -0.00450745 -0.00371689
 -0.00288107]",0.014,0.603,3.057,13.572,0.982,0.823,0.4739912525828682
382,1,0,1,"[-0.00132892  0.00035482  0.00200731 ...  0.00806197  0.00769963
  0.00733967]",0.007,0.632,1.03,5.983,0.988,0.657,0.16245361897780616
383,0,0,0,"[-0.00968904 -0.01107826 -0.01241791 ...  0.00160715  0.00038632
 -0.00085654]",0.02,0.638,2.769,13.1,0.991,0.817,0.4284236721652351
384,1,1,0,"[-0.02074208 -0.02487402 -0.02891405 ... -0.00529123 -0.00325314
 -0.00117926]",0.099,0.869,2.045,4.843,0.973,0.767,0.179617858660169
385,1,1,0,"[-0.01889153 -0.01779908 -0.01671852 ...  0.00953945  0.00790874
  0.00624012]",0.15,0.641,1.783,4.43,0.971,0.7,0.17169210868851906
386,1,1,0,"[-0.00238252 -0.00187098 -0.00135078 ... -0.00037188  0.00121146
  0.00281455]",0.693,0.574,3.637,15.258,0.994,0.889,0.5648134971972882
387,1,1,0,"[ 0.00463602  0.00368038  0.00275359 ... -0.00496468 -0.00334153
 -0.00168341]",0.741,0.578,3.092,12.676,0.994,0.839,0.46257882056042404
388,0,1,1,"[-0.00701601 -0.01213706 -0.01712969 ... -0.00626082 -0.00517045
 -0.00405249]",0.263,0.709,1.01,195.363,0.985,0.609,0.09729924221942993
389,0,1,1,"[ 0.01756565  0.01974575  0.02188405 ... -0.00361011 -0.00241786
 -0.00116459]",0.264,0.651,-4.2,78.42,0.967,0.569,0.07347415960443607
390,1,0,0,"[-0.01617076 -0.01743695 -0.01866242 ... -0.0220013  -0.01763793
 -0.01317702]",0.769,0.573,3.117,14.84,0.99,0.862,0.5119541337734941
391,1,1,0,"[-0.00062674 -0.00056523 -0.00049821 ...  0.00703781  0.00657347
  0.0061073 ]",0.222,0.657,3.891,65.807,0.982,0.695,0.12575292833677357
392,1,1,0,"[-0.00109778  0.00147548  0.00396491 ... -0.02399814 -0.02138636
 -0.01874157]",0.246,0.585,0.814,1.749,0.979,0.783,0.1767830170746062
393,0,0,0,[0.00118747 0.0029866  0.0047371  ... 0.00132858 0.00095746 0.00059809],0.546,0.577,1.475,45.245,0.99,0.741,0.2695071925617399
394,0,0,0,"[ 0.00139068  0.00200025  0.00259763 ... -0.00420584 -0.00316492
 -0.00209126]",0.06,0.637,2.832,12.859,0.991,0.862,0.47996423029796353
395,1,1,0,"[-0.02763414 -0.03046914 -0.03319603 ... -0.01140781 -0.00962462
 -0.0078217 ]",0.67,0.578,0.565,5.839,0.987,0.885,0.5408183356231735
396,1,0,0,"[-0.00704779  0.00628752  0.01958358 ... -0.01307941 -0.01148532
 -0.009906  ]",0.782,0.573,3.436,32.137,0.989,0.809,0.40234763417992686
397,1,0,0,"[-0.00488425 -0.00277317 -0.00073046 ... -0.00128637 -0.00190434
 -0.00253695]",0.617,0.576,0.751,6.661,0.992,0.874,0.5548692506870164
398,1,0,1,"[-0.01766    -0.01699966 -0.01633309 ... -0.01812487 -0.01322017
 -0.00815033]",0.03,0.61,0.432,2.165,0.983,0.703,0.12328219229272488
399,1,0,0,"[-0.02373793 -0.02413831 -0.02455125 ...  0.00115726  0.00128887
  0.00142823]",0.024,0.597,0.664,2.944,0.98,0.755,0.1749631394060639
400,1,0,0,[0.01690259 0.01553848 0.01421819 ... 0.01246957 0.01128969 0.0100808 ],0.012,0.572,0.931,2.233,0.989,0.754,0.17724325784685355
401,0,1,1,"[-0.03583684 -0.03625972 -0.03664505 ...  0.00392707  0.00312061
  0.00228181]",0.142,0.609,0.71,24.308,0.973,0.645,0.164581207824592
402,0,1,1,"[-0.00549122 -0.00569458 -0.00586878 ... -0.01886763 -0.01623162
 -0.01360733]",0.17,0.657,1.787,66.158,0.985,0.661,0.19165313236950035
403,1,1,0,[0.03802236 0.03802182 0.03801987 ... 0.00391032 0.00412003 0.00434279],0.446,0.584,2.501,9.2,0.978,0.842,0.4096322874297163
404,1,1,0,"[-0.02380085 -0.02398023 -0.02414332 ...  0.00958544  0.00908165
  0.00857253]",0.016,0.603,10.032,237.308,0.979,0.678,0.1950049656789198
405,1,0,0,"[ 5.61834041e-05 -9.20965110e-04 -1.89044919e-03 ...  1.07014448e-02
  8.74307737e-03  6.74481352e-03]",0.003,0.538,3.518,17.615,0.994,0.87,0.5779926937200446
406,1,0,0,[0.01889427 0.03026161 0.04149147 ... 0.0001095  0.00066333 0.00123076],0.017,0.634,0.61,74.702,0.988,0.715,0.21598026642154503
407,1,1,0,[0.00778815 0.0058122  0.00390664 ... 0.06669092 0.05150154 0.03607077],0.01,0.657,2.822,11.679,0.978,0.871,0.39297455149479066
408,1,1,0,"[ 0.01183427  0.01204609  0.01221247 ... -0.00025715 -0.00022573
 -0.0001667 ]",0.621,0.581,2.384,9.718,0.984,0.898,0.40241938566588736
409,1,1,0,"[ 4.89683122e-02  4.78743873e-02  4.67614387e-02 ... -3.48992245e-05
  7.08143466e-04  1.52273875e-03]",0.686,0.584,3.382,16.14,0.976,0.837,0.474226425985901
410,1,1,0,"[ 0.00186884  0.00212958  0.00238381 ... -0.00245634 -0.00209054
 -0.00179511]",0.737,0.576,0.627,15.955,0.992,0.749,0.2747484352209579
411,1,1,0,[0.00849678 0.01931812 0.02976744 ... 0.0004799  0.00147885 0.00250295],0.692,0.581,2.924,23.5,0.986,0.76,0.29383062102987934
412,0,1,0,"[-0.00063271 -0.00052285 -0.0004309  ... -0.02427935 -0.02233416
 -0.02039637]",0.002,0.655,7.969,242.519,0.986,0.661,0.15056052586092544
413,0,1,0,"[-0.02042948 -0.01923226 -0.01801923 ... -0.02104911 -0.02193956
 -0.02283982]",0.005,0.669,2.054,105.565,0.99,0.699,0.20244756236164008
414,0,1,0,"[-6.95540954e-05 -1.62707616e-03 -3.16553057e-03 ... -1.75852573e-03
 -1.30792618e-03 -8.13977153e-04]",0.022,0.637,2.209,14.555,0.988,0.843,0.4296977311403331
415,0,1,0,"[-0.00614623 -0.00730592 -0.00847295 ...  0.00772312  0.00718467
  0.00665171]",0.587,0.574,3.632,17.593,0.986,0.907,0.5048251517427457
416,1,1,1,"[-0.00982575 -0.01039097 -0.01083382 ... -0.0074884  -0.00835614
 -0.00936518]",0.197,0.718,0.909,6.198,0.99,0.698,0.2233246261244558
417,1,1,0,"[1.02174415e-03 5.17397118e-04 4.69660247e-05 ... 4.05849432e-02
 4.18660388e-02 4.31199817e-02]",0.166,0.577,3.646,17.981,0.973,0.867,0.525584386874411
418,1,1,0,"[-0.00319142 -0.00227901 -0.00140839 ...  0.00592856  0.00529024
  0.00462471]",0.002,0.582,3.181,16.51,0.992,0.84,0.45949383748632383
419,1,0,0,"[-0.00206251 -0.00196813 -0.00185733 ...  0.01165605  0.0097039
  0.00772365]",0.01,0.645,3.285,19.251,0.99,0.839,0.44833012693975616
420,1,0,1,"[-0.00562938 -0.00538366 -0.00512052 ... -0.00094093  0.00010676
  0.00123345]",0.178,0.573,-1.181,13.137,0.983,0.632,0.13958107604653225
421,1,1,0,"[-0.07300575 -0.07644191 -0.07974792 ... -0.01438903 -0.0152421
 -0.01617727]",0.111,0.628,-0.362,8.264,0.967,0.725,0.2739153945184629
422,1,1,0,"[-0.01535759 -0.01672387 -0.01805212 ... -0.0166906  -0.01343121
 -0.01004825]",0.003,0.629,-3.405,77.093,0.987,0.707,0.22196093755562393
423,1,1,0,"[ 0.01713776  0.01550993  0.01392942 ... -0.00455244 -0.00375564
 -0.00297246]",0.007,0.621,-1.011,52.836,0.986,0.745,0.35125294272335145
424,0,1,0,"[-0.00530691 -0.0040713  -0.00288426 ...  0.00561283  0.00565398
  0.00574428]",0.013,0.648,3.444,13.991,0.991,0.914,0.4892717800358301
425,0,1,1,"[-0.00277295 -0.00410611 -0.00540536 ...  0.01175483  0.00925763
  0.00669432]",0.8,0.58,3.078,13.174,0.993,0.854,0.482117412358649
426,0,0,0,"[-0.00809228 -0.00833381 -0.0085849  ... -0.03452347 -0.03082484
 -0.0270865 ]",0.01,0.631,1.288,4.241,0.985,0.847,0.42719133812034443
427,0,1,0,"[ 0.00172608  0.00327966  0.00480176 ... -0.05239145 -0.04401893
 -0.0357119 ]",0.136,0.568,2.431,265.945,0.982,0.834,0.3476144365347387
428,1,1,0,[0.01203726 0.01083832 0.00964832 ... 0.01459453 0.0113229  0.00795383],0.061,0.605,2.272,6.443,0.986,0.844,0.40117123632347285
429,1,1,0,"[-0.00494779 -0.00374516 -0.00254653 ...  0.03239658  0.02299909
  0.01350959]",0.056,0.629,2.4,7.264,0.981,0.831,0.3918318417522813
430,1,1,0,"[ 0.00289142  0.00239064  0.00186394 ... -0.00654265 -0.0059027
 -0.00528532]",0.009,0.554,3.756,31.908,0.99,0.831,0.4178930622687417
431,1,0,0,"[-0.01450432 -0.01574534 -0.0171048  ... -0.00347195 -0.0029774
 -0.0024748 ]",0.0,0.494,2.835,13.089,0.989,0.829,0.4215621739942026
432,0,0,0,"[ 0.00098664 -0.00193358 -0.00478302 ... -0.03318067 -0.03051057
 -0.02777978]",0.01,0.659,0.886,2.709,0.975,0.769,0.2980476513563413
433,0,0,0,"[-0.00508186 -0.00782292 -0.0105058  ... -0.00637832 -0.00559904
 -0.00479059]",0.559,0.498,1.573,3.695,0.989,0.836,0.3543667524755589
434,1,0,1,"[-0.01083547 -0.01369709 -0.01646296 ...  0.00713343  0.00716686
  0.00720969]",0.387,0.566,-1.513,64.502,0.986,0.605,0.09863099440555208
435,1,1,0,"[ 1.99116812e-03  1.55288055e-03  1.11613357e-03 ...  2.70790373e-03
  1.38348341e-03 -3.95467225e-05]",0.003,0.645,-13.664,648.461,0.991,0.759,0.30464217798957577
436,1,1,0,"[-0.00510544 -0.00475233 -0.00435871 ...  0.00788354  0.00615281
  0.00441252]",0.047,0.615,3.713,17.951,0.986,0.905,0.5704982510675977
437,1,1,0,"[-0.00163058 -0.00056783  0.00052851 ...  0.00514749  0.00521098
  0.00528813]",0.013,0.631,3.987,20.339,0.989,0.909,0.5725051108804137
438,1,1,0,"[-0.00983932 -0.01331101 -0.01668589 ...  0.00192194  0.00192259
  0.00194756]",0.128,0.572,3.413,17.002,0.991,0.901,0.5054709170096019
439,1,1,0,"[-0.0052891  -0.00371887 -0.00219435 ... -0.11234382 -0.10877995
 -0.10521516]",0.004,0.59,3.574,18.552,0.969,0.871,0.5139714055039463
440,0,0,1,"[-0.01086785 -0.01021428 -0.00959458 ... -0.00452513 -0.00385621
 -0.00317302]",0.179,0.608,1.444,4.448,0.98,0.778,0.23890062225748754
441,0,1,0,"[-0.00578162 -0.00874084 -0.01165094 ... -0.00641617 -0.00611009
 -0.00582233]",0.217,0.65,1.752,5.689,0.984,0.762,0.22840162532682418
442,1,1,0,[0.01616662 0.02059352 0.02492336 ... 0.00132765 0.00309525 0.00497612],0.048,0.584,2.718,13.968,0.992,0.908,0.4241866152924481
443,1,1,0,"[ 0.00803943  0.00827616  0.00853013 ... -0.00293244 -0.00267742
 -0.00241944]",0.635,0.573,1.256,7.195,0.991,0.81,0.31801076830396
444,0,0,0,"[-0.00584673 -0.00944618 -0.01296494 ...  0.01300281  0.01114806
  0.00921211]",0.295,0.705,1.427,2.202,0.974,0.783,0.17034599381546497
445,0,0,0,"[-0.00441665 -0.00148525  0.00135786 ... -0.00486461 -0.00365134
 -0.00242042]",0.237,0.928,1.594,2.669,0.979,0.843,0.21803936733761556
446,0,0,1,"[-0.00410023 -0.00425749 -0.00439091 ...  0.00157304  0.00125392
  0.0008822 ]",0.302,0.612,8.79,202.029,0.98,0.729,0.2062125059695302
447,1,1,0,"[ 0.0115329   0.01244011  0.01333493 ... -0.02478429 -0.02208684
 -0.01936616]",0.855,0.577,2.237,7.931,0.985,0.854,0.42393811596597486
448,0,0,1,"[ 0.01182963  0.01339686  0.01485282 ... -0.00502754 -0.00441516
 -0.00379761]",0.315,0.645,2.083,43.467,0.975,0.671,0.11308634919358547
449,1,1,0,"[ 0.0020957   0.00278036  0.00343678 ... -0.01463937 -0.01260348
 -0.01055078]",0.004,0.674,1.954,7.257,0.991,0.83,0.406563235740798
450,1,1,0,"[-0.00367829 -0.0046378  -0.00556794 ... -0.01625828 -0.0130382
 -0.00969979]",0.623,0.588,2.158,8.256,0.989,0.897,0.5720875260307177
451,1,1,0,"[ 0.00401466  0.00584322  0.00764255 ... -0.03759538 -0.0359147
 -0.03420409]",0.229,0.577,-8.125,302.647,0.983,0.812,0.41403234271431777
452,1,0,0,"[-0.01671905 -0.01572492 -0.01473321 ... -0.00344052 -0.00388287
 -0.00435434]",0.0,0.612,3.942,23.077,0.992,0.882,0.5790716995713663
453,1,0,0,"[-0.00981989 -0.00895666 -0.00807472 ...  0.00716207  0.00475096
  0.00226184]",0.081,0.592,2.812,14.762,0.992,0.842,0.4893628477488824
454,0,0,0,"[ 0.00219365  0.00324249  0.00425533 ... -0.02745332 -0.02021685
 -0.01295532]",0.213,0.57,0.454,8.632,0.989,0.819,0.3832692133154645
455,0,1,0,"[-0.01106719 -0.02199731 -0.03270329 ...  0.02855085  0.02223405
  0.01590727]",0.271,0.586,0.868,5.692,0.989,0.872,0.3735855358998654
